{
  "train_losses": [
    2.0372263659601626,
    1.7260340104627487,
    1.5626811673269247,
    1.433026564090758,
    1.3295881126237952,
    1.2539045900639976,
    1.1866756708115873,
    1.1273927368471384,
    1.072409995833931,
    1.0251849557432677,
    0.9868084779175956,
    0.9533383549021943,
    0.9157683588659672,
    0.8871680181044752,
    0.8554529994345077,
    0.778169603298997,
    0.7514089784963661,
    0.729725832524507,
    0.7181099843795952,
    0.7000147666010406,
    0.6936912430674219,
    0.685602689414378,
    0.6787155137190124,
    0.6634640106764595,
    0.6505536270111113,
    0.6448858175283808,
    0.6456501758312021,
    0.6374435994173865,
    0.6284302348828377,
    0.6184953916865541
  ],
  "train_accuracies": [
    24.828,
    35.566,
    42.924,
    47.78,
    52.184,
    55.172,
    57.936,
    60.278,
    62.386,
    64.034,
    65.806,
    66.804,
    68.388,
    69.44,
    70.7,
    73.316,
    74.252,
    74.998,
    75.362,
    75.908,
    76.42,
    76.524,
    76.856,
    77.192,
    77.674,
    77.648,
    78.018,
    78.28,
    78.618,
    78.712
  ],
  "val_losses": [
    1.5962243517742882,
    1.3845094412187986,
    1.2827849146686023,
    1.1590375191048732,
    1.0284053826633888,
    0.9925653172444694,
    0.914998363844956,
    0.8750522423394119,
    0.822474254837519,
    0.7780731946607179,
    0.7231739872618567,
    0.7598593695254265,
    0.6936321333993839,
    0.6537688046316558,
    0.6139932071106343,
    0.5628692081457451,
    0.5510302061521555,
    0.5351317117485819,
    0.5287173646914808,
    0.5217758485033542,
    0.5149334563484674,
    0.5038747115980221,
    0.5002958106843731,
    0.49029284791101385,
    0.4820199269282667,
    0.47495043315464935,
    0.47358330744731275,
    0.4739381535143792,
    0.4694075648543201,
    0.46423046686981295
  ],
  "val_accuracies": [
    40.54,
    48.84,
    54.89,
    58.35,
    64.15,
    66.07,
    67.55,
    70.4,
    71.7,
    74.31,
    75.91,
    74.61,
    77.5,
    77.91,
    80.28,
    81.88,
    82.22,
    82.78,
    82.96,
    83.28,
    83.14,
    83.44,
    83.88,
    83.95,
    84.43,
    84.34,
    84.4,
    84.54,
    84.75,
    84.79
  ],
  "learning_rates": [
    0.001,
    0.001,
    0.001,
    0.001,
    0.001,
    0.001,
    0.001,
    0.001,
    0.001,
    0.001,
    0.001,
    0.001,
    0.001,
    0.001,
    0.0001,
    0.0001,
    0.0001,
    0.0001,
    0.0001,
    0.0001,
    0.0001,
    0.0001,
    0.0001,
    0.0001,
    0.0001,
    0.0001,
    0.0001,
    0.0001,
    0.0001,
    1e-05
  ],
  "epochs": [
    1,
    2,
    3,
    4,
    5,
    6,
    7,
    8,
    9,
    10,
    11,
    12,
    13,
    14,
    15,
    16,
    17,
    18,
    19,
    20,
    21,
    22,
    23,
    24,
    25,
    26,
    27,
    28,
    29,
    30
  ],
  "best_epoch": [
    30,
    84.79
  ],
  "timestamp": "2025-07-30T02:03:56.709447"
}